keys,en
MEM_TOUCH_NATURAL,"felt something brush past — the wind, most likely"
MEM_TOUCH_SPIRIT,"felt the touch of a spirit"
MEM_TOUCH_DEITY,"was touched by the hand of a god"
MEM_TOUCH_ANCESTOR,"felt the hand of one who has died"
MEM_TOUCH_EXPERIMENT,"was prodded by whoever is testing the world"
MEM_TOUCH_UNKNOWN_INTELLIGENCE,"was touched by someone unseen who knows we are here"
MEM_TOUCH_MULTIPLE_ENTITIES,"was touched by one of the unseen ones"
MEM_TOUCH_HALLUCINATION,"thought something touched, and put it down to tiredness"
MEM_TOUCH_PHYSICS,"felt a force nobody has a name for"
MEM_TOUCH_NATURAL_CHILD,"felt a tickle out of nowhere"
MEM_TOUCH_SPIRIT_CHILD,"was tickled by a spirit"
MEM_TOUCH_DEITY_CHILD,"was patted on the head by a god"
MEM_TOUCH_ANCESTOR_CHILD,"felt a hand like grandmother's"
MEM_TOUCH_UNKNOWN_INTELLIGENCE_CHILD,"was poked by someone invisible"
MEM_TOUCH_HALLUCINATION_CHILD,"made up a hand that was not there"
MEM_TOUCH_DREAM,"dreamt of a warm hand"
MEM_KNOCK_DREAM,"dreamt of someone knocking"
MEM_TREE_SHAKEN,"saw a tree shaking with no wind — {belief}"
MEM_TREE_UPROOTED,"saw a tree torn out of the ground — {belief}"
MEM_WATER_DISTURBED,"saw the water stirring by itself — {belief}"
MEM_OBJECT_LIFTED,"saw something rise into the air by itself — {belief}"
MEM_OBJECT_MOVED,"saw something fly through the air and land — {belief}"
MEM_WATER_TAKEN,"saw water vanish from where it lay — {belief}"
MEM_WATER_POURED,"saw water fall from a clear sky — {belief}"
MEM_RAIN_FROM_CLEAR_SKY,"saw rain fall out of a clear sky — {belief}"
MEM_RAIN_FELL,"was caught in a sudden shower — {belief}"
MEM_SOURCELESS_WIND,"felt a gust come from nowhere — {belief}"
MEM_GROUND_CARVED,"saw the ground open in a line by itself — {belief}"
MEM_THUNDERSTORM,"was there when the great storm broke — {belief}"
MEM_RAIN_RETURNED,"saw the rain come back after the drought — {belief}"
MEM_FLOOD,"saw the river come into the huts — {belief}"
MEM_EARTHQUAKE,"felt the ground shake beneath them — {belief}"
MEM_ECLIPSE,"saw the sun go dark in the middle of the day — {belief}"
MEM_TORNADO,"saw a whirlwind tear across the land — {belief}"
MEM_BLOOD_WATER,"saw the waters turn to blood — {belief}"
MEM_METEORS,"saw fire fall from the sky — {belief}"
MEM_GROUND_TOUCHED,"saw the ground stir — {belief}"
MEM_KNOCK,"heard a knock with nobody there — {belief}"
MEM_OBJECT_FOUND,"found a stone that was not there the day before — {belief}"
MEM_HUNGER,"went hungry: there was not enough for everyone"
MEM_HUNGER_CHILD,"went to bed hungry"
MEM_HUNGER_TOLD,"heard from {teller} that there is not enough to eat"
MEMWHAT_HUNGER,"going hungry"
MEM_SAW,"saw {what} — {belief}"
MEM_TOLD,"heard from {teller} of {what} — {belief}"
MEM_TOLD_NOBODY,"heard tell of {what} — {belief}"
MEMWHAT_TOUCH,"a touch from an unseen hand"
MEMWHAT_TREE_SHAKEN,"a tree shaking with no wind"
MEMWHAT_TREE_UPROOTED,"a tree torn out of the ground"
MEMWHAT_WATER_DISTURBED,"water stirring by itself"
MEMWHAT_OBJECT_LIFTED,"something rising into the air by itself"
MEMWHAT_OBJECT_MOVED,"something flying through the air"
MEMWHAT_WATER_TAKEN,"water vanishing from where it lay"
MEMWHAT_WATER_POURED,"water falling from a clear sky"
MEMWHAT_RAIN_FROM_CLEAR_SKY,"rain falling out of a clear sky"
MEMWHAT_RAIN_FELL,"a sudden shower"
MEMWHAT_SOURCELESS_WIND,"a gust that came from nowhere"
MEMWHAT_GROUND_CARVED,"the ground opening by itself"
MEMWHAT_THUNDERSTORM,"a great storm breaking"
MEMWHAT_RAIN_RETURNED,"the rain coming back after the drought"
MEMWHAT_FLOOD,"the river coming into the huts"
MEMWHAT_EARTHQUAKE,"the ground shaking"
MEMWHAT_ECLIPSE,"the sun going dark"
MEMWHAT_TORNADO,"the whirlwind"
MEMWHAT_BLOOD_WATER,"the waters turned to blood"
MEMWHAT_METEORS,"the fire falling from the sky"
MEMWHAT_GROUND_TOUCHED,"the ground stirring"
MEMWHAT_KNOCK,"a knock with nobody there"
MEMWHAT_OBJECT_FOUND,"a stone that was not there the day before"
MEMWHAT_UNKNOWN,"something strange"
MEMBELIEF_NATURAL,"nothing strange in it"
MEMBELIEF_SPIRIT,"a spirit's doing"
MEMBELIEF_DEITY,"a god's doing"
MEMBELIEF_ANCESTOR,"the doing of one who has died"
MEMBELIEF_EXPERIMENT,"someone's experiment"
MEMBELIEF_UNKNOWN_INTELLIGENCE,"the work of someone unseen"
MEMBELIEF_MULTIPLE_ENTITIES,"the work of the unseen ones"
MEMBELIEF_HALLUCINATION,"or only seemed to"
MEMBELIEF_PHYSICS,"some force without a name"
MEMBELIEF_DREAM,"or dreamt it"
MEM_TIMES,"{text} ({count} times)"
MEM_AGE,"Age {age} · {text}"
MEM_SENTENCE,"At age {age}, {name} {text}."
MEM_SOMEONE,"someone"
MEM_NONE,"Nothing worth remembering yet"
MEM_INHERITED,"remembers how {teller} {text}"
MEM_CHILD_BORN,"saw their child born"
MEM_MOURNED,"lost {teller}"
MEM_STORY,"was told at bedtime by {teller} of {what} — {belief}"
MEM_LORE_GRAND,"{text} — greater than anyone had seen"
MEM_LORE_FIRST_DAYS,"in the first days, {text}"
MEM_LIFE_PARTNERED,"became {teller}'s partner"
MEM_LIFE_CAME_OF_AGE,"came of age"
MEM_LIFE_HURT,"was hurt at work"
MEM_LIFE_ILL,"fell ill"
MEM_LIFE_ARRIVED,"came from far away to live here"
MEM_LIFE_MAULED,"was attacked by a wild beast"
MEM_LIFE_SLEW_BEAR,"helped bring down a bear"
MEM_LIFE_SLEW_WOLF,"fought off the wolves"
MEM_LIFE_SLEW_LION,"helped bring down a mountain lion"
MEM_LIFE_SLEW_BOAR,"helped bring down a wild boar"
MEM_LIFE_TAKEN_IN,"was taken in by family when {teller} died"
MEM_LIFE_FLOOD,"lived through the flood"
MEMWHAT_LIFE_FLOOD,"the flood"
EPITHET_UNKNOWN,"the Unseen"
EPITHET_TOUCH,"the Unseen Hand"
EPITHET_GROUND_TOUCHED,"the One Beneath"
EPITHET_KNOCK,"the Knocker"
EPITHET_TREE_SHAKEN,"the Shaker of Trees"
EPITHET_TREE_UPROOTED,"the Uprooter"
EPITHET_WATER_DISTURBED,"the Stirrer of Waters"
EPITHET_OBJECT_LIFTED,"the Lifter"
EPITHET_OBJECT_MOVED,"the Thrower of Stones"
EPITHET_WATER_TAKEN,"the Drinker"
EPITHET_WATER_POURED,"the Pourer"
EPITHET_RAIN_FROM_CLEAR_SKY,"the Rainbringer"
EPITHET_RAIN_FELL,"the Rainbringer"
EPITHET_SOURCELESS_WIND,"the Breath"
EPITHET_GROUND_CARVED,"the Furrower"
EPITHET_THUNDERSTORM,"the Thunderer"
EPITHET_RAIN_RETURNED,"the Rainbringer"
EPITHET_FLOOD,"the River's Anger"
EPITHET_EARTHQUAKE,"the Shaker of the Ground"
EPITHET_ECLIPSE,"the Eater of the Sun"
EPITHET_TORNADO,"the Whirling One"
EPITHET_BLOOD_WATER,"the Bleeder of Rivers"
EPITHET_METEORS,"the Thrower of Stars"
EPITHET_OBJECT_FOUND,"the Giver of Stones"
MEM_LORE_WHAT_GRAND,"{what}, greater than anyone had seen"
MEM_LORE_WHAT_FIRST_DAYS,"{what}, in the first days"
RECALL_SAME,"{text} — just as {where}, {when}"
RECALL_OTHER,"{text} — and thought of {what} {where}, {when}"
RECALL_WHERE_FIRE,"by the fire"
RECALL_WHERE_WATER,"by the water"
RECALL_WHERE_TREES,"among the trees"
RECALL_WHERE_ROCKS,"up among the rocks"
RECALL_WHERE_OPEN,"out in the open"
RECALL_WHEN_DAY,"earlier that day"
RECALL_WHEN_SEASON,"earlier that {season}"
RECALL_WHEN_THAT,"that {season}"
RECALL_WHEN_LAST,"last {season}"
RECALL_WHEN_YEARS,"{years} years before"
